id,firstName,lastName,email
1,Luis,Duran,luis@example.com
2,John,Doe,adsdfasd@example.com
3,Mike,Smith,jane@example.com
4,Mike,Jones,mikej@gmail.com
5,Warn,Warning,warn@gmail.com
6,Debug,Debuggin,debug@gmail.com
7,Alice,Wonder,alice@example.com
8,Bob,Builder,bob@example.com
9,Charlie,Brown,charlie@example.com
10,David,Goliath,david@example.com
11,Eve,Online,eve@example.com
12,Frank,Zappa,frank@example.com
13,Grace,Hopper,grace@example.com
14,Hank,Hill,hank@example.com
15,Ivy,League,ivy@example.com
16,Jack,Sparrow,jack@example.com
17,Karl,Marx,karl@example.com
18,Leo,Tolstoy,leo@example.com
19,Mona,Lisa,mona@example.com
20,Nick,Fury,nick@example.com
21,Oliver,Twist,oliver@example.com
22,Penny,Wise,penny@example.com
23,Quinn,Jet,quinn@example.com
24,Riley,Reid,riley@example.com
25,Steve,Jobs,steve@example.com
26,Tony,Stark,tony@example.com
27,Ursula,Sea,ursula@example.com
28,Victor,Von,victor@example.com
29,Wanda,Vision,wanda@example.com
30,Xavier,School,xavier@example.com
31,Yoda,Jedi,yoda@example.com
32,Zane,Grey,zane@example.com
33,Aaron,Burr,aaron@example.com
34,Beth,Harmon,beth@example.com
35,Clark,Kent,clark@example.com
36,Diana,Prince,diana@example.com
37,Edward,Cullen,edward@example.com
38,Fiona,Shrek,fiona@example.com
39,George,Costanza,george@example.com
40,Holly,Golightly,holly@example.com
41,Ian,Malcolm,ian@example.com
42,Jane,Eyre,jane@example.com
43,Kevin,McCallister,kevin@example.com
44,Lara,Croft,lara@example.com
45,Marty,McFly,marty@example.com
46,Neo,Matrix,neo@example.com
47,Oscar,Grouch,oscar@example.com
48,Peter,Parker,peter@example.com
49,Quentin,Tarantino,quentin@example.com
50,Rose,Tyler,rose@example.com